Indicator,Industry,Title,Description,Actor,Preconditions,Trigger,Use Case
BEGIN USE CASE,Automotive,Vehicle Maintenance,track vehicle maintenance schedules,Mechanic,Mechanic is logged into the system,Mechanic selects a vehicle,
,,,,,,,"Title: Vehicle Software Diagnostics
Actor: Automotive Technician
Description: Run diagnostic tests on vehicle’s various software systems
Preconditions: Technician is logged into the system, proper vehicle is connected to the diagnostic tool
Trigger: Technician selects a vehicle and chooses the Diagnostics feature

Main Flow:
1. [Actor] logs into the system.
2. [Actor] connects the vehicle to the diagnostic machine and selects correct make/model.
3. [Actor] clicks on ""Run Diagnostics"".
4. The system runs tests on vehicle software systems, such as engine management, brake control, and infotainment systems.
5. The system presents the results with clearly marked failures or potential issues.

Alternative Flows:
5a. If no issues are detected, the system communicates that all systems are normal.

Postconditions: Diagnostic tests have been successfully run on the vehicle, with results presented in an easily understandable way.
Exceptions: If diagnostics machine or software is non-operational, [Actor] is notified and given instructions to restart or troubleshoot."
END USE CASE,,,,,,,
BEGIN USE CASE,Banking,Loan Processing,process a loan application,Bank Officer,Bank Officer is logged into the loan processing system,Customer submits a loan application,
,,,,,,,"Title: Mobile Banking
Actor: Retail Bank Customer
Description: Performing daily transactions through Mobile Banking
Preconditions: Retail Bank Customer has the Bank's Mobile App installed and set up with valid login credentials. 

Trigger: Customer wants to make a transaction via Mobile App

Main Flow:
1. [Actor] logs into the Mobile Banking App.
2. [Actor] authenticates using password, fingerprint or facial recognition.
3. [Actor] chooses from various transaction options available - e.g., Transfer Money, Bill Payment, etc.
4. The system validates the selected transaction and executes it, post-verification.
5. The system sends a transactional alert on the customer's registered mobile/email.
6. [Actor] logs out of the Mobile Banking App.

Alternative Flows:
3a. If [Actor] forgets login credentials, the system offers an option to rest or retrieve.
5a. If transaction fails, the system alerts the customer with an error message and provides potential troubleshooting steps.

Postconditions: The transaction made using the Mobile Banking App is successfully executed.
Exceptions: If the system is unavailable or the internet connection is unstable, [Actor] is notified."
END USE CASE,,,,,,,
BEGIN USE CASE,Insurance,Claim Filing,file an insurance claim,Insurance Agent,Insurance Agent is on the claims page,Customer reports an incident,
,,,,,,,"Title: Premium Calculation
Actor: Insurance Agent
Description: calculate insurance premium for a policyholder
Preconditions: Insurance Agent is on the premium calculation page
Trigger: Policyholder requests an insurance quote

Main Flow:
1. [Actor] logs into the system.
2. [Actor] navigates to the Premium Calculation page.
3. [Actor] inputs the policyholder's details and desired coverage.
4. The system validates the input.
5. The system calculates and displays the premium.
6. [Actor] forwards the premium cost to the policyholder.

Alternative Flows:
1a. If [Actor] provides invalid input, the system displays an error message.
5a. If the policyholder's desired coverage is unavailable, the system notifies [Actor].

Postconditions: The Premium Calculation is successful and a policyholder receives the quote.
Exceptions: If the system is unavailable, [Actor] is notified."
END USE CASE,,,,,,,
BEGIN USE CASE,Healthcare,Patient Appointment,schedule a patient appointment,Receptionist,Receptionist is logged into the appointment system,Patient requests an appointment,
,,,,,,,"Title: Electronic Medical Record Management
Actor: Medical Practitioner
Description: Create, update, or view a patient's electronic medical record
Preconditions: Medical Practitioner is logged into the medical record system
Trigger: Patient visits or contacts the clinic

Main Flow:
1. [Actor] logs into the system.
2. [Actor] navigates to the Electronic Medical Record page.
3. [Actor] enters patient information to retrieve existing record or create a new one.
4. The system validates the input.
5. The system displays the existing medical record or creates a new one.
6. [Actor] adds or updates medical information on the patient’s record.
7. The system saves the changes made to the patient's electronic medical record.

Alternative Flows:
4a. If [Actor] provides invalid input, the system displays an error message.
7a. If changes could not be saved, the system shows an error and prompts the [Actor] to retry.

Postconditions: The patient's Electronic Medical Record is successfully updated or created.
Exceptions: If the system is unavailable, [Actor] is notified."
END USE CASE,,,,,,,
BEGIN USE CASE,Public Sector,Voter Registration,register a new voter,Government Official,Official is on the voter registration page,Citizen requests to register as a voter,
,,,,,,,"Title: Public Resource Management
Actor: Public Sector Official
Description: manage and assign public resources
Preconditions: The official is on the Public Resource Management page
Trigger: New public resources need to be allocated

Main Flow:
1. [Actor] logs into the system.
2. [Actor] navigates to the Public Resource Management page.
3. [Actor] inputs details of new public resources.
4. The system validates the inputs.
5. [Actor] assigns the resources to the concerned departments.
6. The system validates the assignment and updates the data.
7. The system displays the update confirmation.

Alternative Flows:
4a. If [Actor] provides invalid input, the system displays an error message.
6a. If the resource assignment is invalid or illogical, the system sends an alert to the [Actor].

Postconditions: The new public resources have been successfully added and assigned.
Exceptions: If the system is unavailable, [Actor] is notified."
END USE CASE,,,,,,,
BEGIN USE CASE,Travel & Logistics,Shipment Tracking,track a shipment,Logistics Coordinator,Coordinator is logged into the tracking system,Shipment status is updated,
,,,,,,,"Title: Real-Time Inventory Updates
Actor: Logistic Manager
Description: update inventory in real-time
Preconditions: Manager is logged into the Inventory Management System.
Trigger: A new shipment is received or an existing inventory item is dispatched.

Main Flow:
1. [Actor] logs into the Inventory Management System.
2. [Actor] navigates to the Real-Time Inventory Update page.
3. [Actor] enters information about the received/dispatched shipment.
4. The system validates the input and updates the inventory.
5. The system displays an Inventory Update confirmation.

Alternative Flows:
1a. If [Actor] provides invalid input, the system displays an error message.
1b. If the inventory quantity for the dispatched item is not sufficient, the system raises a 'Low Stock Alert'.

Postconditions: The Real-Time Inventory is successfully updated.
Exceptions: If the system is unavailable, [Actor] is notified."
END USE CASE,,,,,,,
BEGIN USE CASE,Telecommunications,Service Ticket Resolution,resolve a customer service ticket,Customer Service Agent,Agent is on the support ticket page,Customer submits a service ticket,
,,,,,,,"Title: Network Issue Troubleshooting
Actor: Network Engineer
Description: Identify and resolve network troubles in a telecom environment
Preconditions: Network Engineer is authorized, authenticated, and has access to the network troubleshooting system.
Trigger: The system alarm is triggered indicating a network issue.

Main Flow:
1. [Actor] logs into the network troubleshooting system.
2. [Actor] navigates to the alarm notification page.
3. [Actor] examines and evaluates the network issue details.
4. [Actor] uses system tools to diagnose the root cause of the problem.
5. The system presents possible solutions to identified problems.
6. [Actor] applies the recommended solutions to the issues.
7. The system validates the resolutions and checks the network performance.
8. The system displays a resolution confirmation if network performance is restored.

Alternative Flows:
4a. If [Actor] can't identify the issue, the system provides comprehensive network logs.
7a. If the network performance isn't restored, the system alerts the [Actor] to try a different solution.

Postconditions: The network is restored to an optimal performance state.
Exceptions: If the system is unavailable or the network issues persist, [Actor] escalates the issue to higher-level support."
END USE CASE,,,,,,,
BEGIN USE CASE,Corporate IT,Software Update Deployment,deploy a new software update,IT Administrator,Administrator is on the update deployment page,Update is ready for deployment,
,,,,,,,"Title: Automated Report Generation
Actor: IT Administrator
Description: Generate a detailed IT infrastructure report
Preconditions: Administrator is on the report generation page
Trigger: IT quarterly/annual report is needed

Main Flow:
1. [Actor] logs into the system.
2. [Actor] navigates to the Automated Report Generation page.
3. [Actor] selects the report parameters such as time period, components to include, etc.
4. The system validates the selected parameters.
5. The system retrieves the data and generates the report.
6. The system displays the generated report to the [Actor].

Alternative Flows:
3a. If  [Actor] selects an invalid parameter, the system displays an error message.

Postconditions: The Automated Report Generation system has successfully created a detailed IT infrastructure report based on the selected parameters.
Exceptions: If the system is unavailable or if there's a failure in data retrieval, [Actor] is notified."
END USE CASE,,,,,,,
BEGIN USE CASE,Consumer Products | New Data Solutions,Purchase Data Analysis,analyze consumer purchase data,Data Analyst,Analyst is logged into the data analysis tool,New purchase data is available,
,,,,,,,"Title: Product Recommendation System
Actor: System Developer
Description: Develop a recommendation engine based on consumer data
Preconditions: Developer has access to consumer data and the development environment 
Trigger: A request for improved selling strategies 

Main Flow:
1. [Actor] accesses the consumer dataset.
2. [Actor] cleans and preprocesses the data for the recommendation system.
3. [Actor] uses machine learning algorithms to analyze patterns and preferences in the dataset.
4. [Actor] develops a recommendation engine that predicts future purchases based on the analyzed patterns.
5. The system validates the recommendation model.
6. [Actor] deploys the recommendation engine to the production environment.
7. The system displays a successful deployment confirmation.

Alternative Flows:
2a. If the data requires additional cleaning or preprocessing, [Actor] repeats step 2.
5a. If the system identifies an issue with the recommendation model, [Actor] adjusts the model and returns to step 5.

Postconditions: The recommendation engine is successfully deployed and ready for use.
Exceptions: If the system is unavailable, [Actor] is notified. If the consumer data is unavailable or corrupted, [Actor] waits for the data to be restored."
END USE CASE,,,,,,,
BEGIN USE CASE,Cyber Security,Security Audit,conduct a security audit,Security Auditor,Auditor is on the audit page,Audit is scheduled,
,,,,,,,"Title: Intrusion Detection and Response
Actor: Security Analyst
Description: Detect a potential intrusion and respond effectively
Preconditions: Analyst is logged into the intrusion detection system
Trigger: System indicates a potential security breach

Main Flow:
1. [Actor] logs into the intrusion detection system.
2. The system identifies and alerts [Actor] of a potential security breach.
3. [Actor] reviews the alert details and identifies false positives.
4. If a genuine threat is detected, [Actor] categorizes the threat and decides on an appropriate response.
5. [Actor] implements the decided response (isolate system, block IP, etc.)
6. The system validates and activates the response.
7. [Actor] records the incident details and response in the incident management system.

Alternative Flows:
1a. If the alert is identified as a false positive, [Actor] tags it accordingly and no further action is taken.
5a. If the decided response fails, [Actor] is notified and additional responses are considered.

Postconditions: The threat has been effectively managed and recorded.
Exceptions: If the intrusion detection system is unavailable, [Actor] is notified."
END USE CASE,,,,,,,
BEGIN USE CASE,Test & Quality Management,Quality Assurance Test,execute a quality assurance test,QA Engineer,Engineer is logged into the QA system,Test is scheduled,
,,,,,,,"Title: Automated Software Testing
Actor: QA Engineer
Description: Implementing and executing an automated software test
Preconditions: Engineer is logged into the QA system, Automated Test Script is readily available 
Trigger: Test case needs to be tested for software quality assurance

Main Flow:
1. [Actor] logs into the QA system.
2. [Actor] navigates to the Automated Software Testing page.
3. [Actor] uploads the Automated Test Script.
4. The system validates the test script.
5. The system runs the Automated Test Script.
6. The system displays the test results and logs them for review.

Alternative Flows:
4a. If [Actor] uploads an invalid or erroneous test script, the system displays an error message and prompts for a valid script.

Postconditions: Automated Test Script has been executed, with results recorded for further analysis.
Exceptions: If the system is unavailable or the test script fails to run, [Actor] is notified."
END USE CASE,,,,,,,
BEGIN USE CASE,Life Science & Chemicals,Lab Experiment Recording,record lab experiment results,Lab Technician,Technician is on the lab results page,Experiment is completed,
,,,,,,,"Title: Chemical Storage Inventory Management
Actor: Lab Manager
Description: Managing the inventory of chemicals in storage
Preconditions: Lab Manager is on the chemical inventory management system
Trigger: New chemical storage data needs to be updated or changes made to existing data

Main Flow:
1. [Actor] logs into the Inventory Management System.
2. [Actor] navigates to the Chemical Storage Inventory management page.
3. [Actor] updates the quantity or updates data about a particular chemical of the Chemical Storage Inventory.
4. The system validates the updated data.
5. If validation is successful, the system saves the updated data and displays an update confirmation message.

Alternative Flows:
1a. If [Actor] provides invalid input, the system displays an error message.
1b. If [Actor] tries to update data for a chemical not present in the system, the system prompts the [Actor] to add new chemical data instead.

Postconditions: The Chemical Storage Inventory is successfully updated.
Exceptions: If the system is down or unavailable, [Actor] is notified by an alert message."
END USE CASE,,,,,,,
BEGIN USE CASE,Food,Food Inventory Management,manage a food inventory,Inventory Manager,Manager is logged into the inventory system,Inventory levels are updated,
,,,,,,,"Title: Food Order Tracking
Actor: Restaurant Manager, Staff
Description: Track and manage food orders from customers
Preconditions: Manager/Staff is logged into order tracking system and the order tracking system is functional. 
Trigger: New food order is received or existing order status changes.

Main Flow:
1. [Actor] logs into the food order tracking system.
2. [Actor] navigates to the Food Order tracking page.
3. [Actor] reviews the current orders' statuses.
4. The system validates the order status.
5. The system displays existing orders along with their status.
6. [Actor] updates the status of the order when required.
7. The system updates and saves changes made to the order status.
8. [Actor] may take necessary actions based on the order status such as preparing the dish, confirming the order for delivery, etc.

Alternative Flows:
8a. If [Actor] encounters issues while updating the order status, the system displays an error message, and he/she may seek technical support.

Postconditions: The Food Order Tracking is successful and current orders' statuses are accurately maintained. This helps to ensure that all orders are correctly prepared or dispatched as per the customers' convenience.
Exceptions: If the system is unavailable, [Actor] is notified."
END USE CASE,,,,,,,
