Industry,Title,Model,User Stories
Automotive,Parts Supplier Management,Reference Model,"1. **User Story:**
   - **As a Service Manager**
   - **I want to log into the system**
   - **So that I can access the vehicle maintenance scheduling functionalities.**
   - **Acceptance Criteria:**
     - Service Manager can successfully authenticate using valid credentials.
     - Upon login, the system should redirect the Service Manager to the dashboard.

2. **User Story:**
   - **As a Service Manager**
   - **I want to navigate to the Vehicle Maintenance Scheduling page**
   - **So that I can view and manage upcoming maintenance appointments.**
   - **Acceptance Criteria:**
     - The Vehicle Maintenance Scheduling page should be easily accessible from the main dashboard.
     - The page should display a list of upcoming appointments.

3. **User Story:**
   - **As a Service Manager**
   - **I want to select a customer for a maintenance appointment**
   - **So that I can schedule the appointment for the correct individual.**
   - **Acceptance Criteria:**
     - The system should allow the Service Manager to search and select a customer from the existing database.
     - Selected customer details should be displayed for verification.

4. **User Story:**
   - **As a Service Manager**
   - **I want to schedule the appointment date and time for the customer**
   - **So that the customer's maintenance needs are addressed promptly.**
   - **Acceptance Criteria:**
     - The system should provide a calendar interface for selecting the appointment date.
     - Service Manager should be able to choose a specific time slot for the appointment.

5. **User Story:**
   - **As a Service Manager**
   - **I want the system to validate the appointment details**
   - **So that I can ensure the accuracy of the scheduled appointment.**
   - **Acceptance Criteria:**
     - The system should check for any scheduling conflicts or errors in the appointment details.
     - Service Manager should receive a confirmation message upon successful validation.

6. **User Story:**
   - **As a Service Manager**
   - **I want the system to confirm the appointment and notify the customer**
   - **So that the customer is informed about the scheduled maintenance.**
   - **Acceptance Criteria:**
     - The system should send an automated notification to the customer with the appointment details.
     - The confirmation message should include the appointment date, time, and any special instructions.

7. **User Story:**
   - **As a Service Manager**
   - **I want the system to handle unavailable appointment slots**
   - **So that I can easily choose an alternative time for the customer.**
   - **Acceptance Criteria:**
     - When an appointment slot is unavailable, the system should display other available options.
     - Service Manager should be able to select a new time slot without losing the entered details.

8. **User Story:**
   - **As a Service Manager**
   - **I want to add special requests or additional services to the appointment**
   - **So that the customer's specific needs are accommodated.**
   - **Acceptance Criteria:**
     - The system should provide a text field for entering special requests or additional services.
     - Service Manager should be able to save these details along with the appointment information."
Food,Production Line Monitoring,Reference Model,"1. **User Story:**
   - **As an Inventory Manager**
   - **I want to log into the system**
   - **So that I can access the Inventory Management Dashboard.**
   - **Acceptance Criteria:**
     - The system allows the Inventory Manager to enter valid credentials.
     - Upon successful login, the Inventory Management Dashboard is displayed.

2. **User Story:**
   - **As an Inventory Manager**
   - **I want to review current inventory levels and upcoming shipments**
   - **So that I can plan for inventory management tasks.**
   - **Acceptance Criteria:**
     - The Inventory Management Dashboard shows real-time inventory levels.
     - Upcoming shipments are clearly displayed for reference.

3. **User Story:**
   - **As an Inventory Manager**
   - **I want to update inventory records based on received shipments or sales**
   - **So that the system reflects accurate inventory information.**
   - **Acceptance Criteria:**
     - The system allows the Inventory Manager to input received shipments or sales data.
     - Inventory records are updated in real-time upon submission.

4. **User Story:**
   - **As an Inventory Manager**
   - **I want the system to automatically adjust inventory levels and generate reports**
   - **So that I can track inventory changes efficiently.**
   - **Acceptance Criteria:**
     - Inventory levels are automatically adjusted based on input data.
     - Reports on inventory changes are generated and accessible to the Inventory Manager.

5. **User Story:**
   - **As an Inventory Manager**
   - **I want to verify the accuracy of inventory data**
   - **So that I can ensure data integrity and reliability.**
   - **Acceptance Criteria:**
     - The system allows the Inventory Manager to reconcile inventory records.
     - Discrepancies are highlighted for review and resolution.

6. **User Story:**
   - **As an Inventory Manager**
   - **I want the system to send notifications for low inventory levels or upcoming expirations**
   - **So that I can take timely actions to prevent stockouts or wastage.**
   - **Acceptance Criteria:**
     - Notifications are triggered when inventory levels fall below a specified threshold.
     - Alerts are sent for products approaching expiration dates.

7. **User Story:**
   - **As an Inventory Manager**
   - **I want to initiate a manual recount and update the system in case of discrepancies in inventory records**
   - **So that I can maintain accurate inventory data.**
   - **Acceptance Criteria:**
     - The system provides a manual recount option for Inventory Manager to address discrepancies.
     - Updated inventory data reflects manual adjustments made by the Inventory Manager.

8. **User Story:**
   - **As an Inventory Manager**
   - **I want to adjust inventory forecasts and notify relevant stakeholders in case of delayed or canceled shipments**
   - **So that stakeholders can adjust plans accordingly.**
   - **Acceptance Criteria:**
     - Inventory Manager can update inventory forecasts based on shipment status changes.
     - Stakeholders receive timely notifications about adjustments in inventory plans."
Banking,Loan Processing,Reference Model,"1. **User Story:**
   - **As a Bank Customer**
   - **I want to insert my ATM card into the machine**
   - **So that I can start the withdrawal process**
   - **Acceptance Criteria:**
     - The ATM machine recognizes and accepts the inserted card.

2. **User Story:**
   - **As a Bank Customer**
   - **I want to enter my PIN**
   - **So that I can authenticate my identity**
   - **Acceptance Criteria:**
     - The system verifies the entered PIN against the card's linked information.

3. **User Story:**
   - **As a Bank Customer**
   - **I want to select the ""Withdrawal"" option**
   - **So that I can choose to withdraw cash**
   - **Acceptance Criteria:**
     - The system displays the withdrawal options after PIN verification.

4. **User Story:**
   - **As a Bank Customer**
   - **I want to enter the amount to withdraw**
   - **So that I can specify the cash amount**
   - **Acceptance Criteria:**
     - The system allows the entry of a valid withdrawal amount.

5. **User Story:**
   - **As a Bank Customer**
   - **I want the system to verify the transaction details**
   - **So that I can confirm the withdrawal request**
   - **Acceptance Criteria:**
     - The system checks the account balance and transaction limits.

6. **User Story:**
   - **As a Bank Customer**
   - **I want the system to dispense the requested amount of cash**
   - **So that I can receive the cash**
   - **Acceptance Criteria:**
     - The system dispenses the correct amount of cash requested.

7. **User Story:**
   - **As a Bank Customer**
   - **I want to take the cash and receipt**
   - **So that I have a record of the transaction**
   - **Acceptance Criteria:**
     - The system prints a receipt with transaction details.

8. **User Story:**
   - **As a Bank Customer**
   - **I want to remove my ATM card**
   - **So that I can complete the transaction**
   - **Acceptance Criteria:**
     - The system ejects the ATM card after the transaction is completed."
Insurance,Claim Filing,Reference Model,"1. **User Story:**
   - **As a Policyholder**
   - **I want to access my insurance account**
   - **So that I can manage my policies**
   - **Acceptance Criteria:**
     - User can log in successfully to their insurance account.
     - User can view their policy details upon login.

2. **User Story:**
   - **As a Policyholder**
   - **I want to navigate to the Policy Renewal section**
   - **So that I can renew my insurance policy**
   - **Acceptance Criteria:**
     - Policyholder can easily find the Policy Renewal section on the website.
     - Policyholder can access their existing policies from this section.

3. **User Story:**
   - **As a Policyholder**
   - **I want to select the policy I wish to renew**
   - **So that I can proceed with the renewal process**
   - **Acceptance Criteria:**
     - Policyholder can see a list of their existing policies to choose from.
     - Policyholder can select the specific policy they want to renew.

4. **User Story:**
   - **As a Policyholder**
   - **I want to review policy details and coverage options**
   - **So that I can make an informed decision**
   - **Acceptance Criteria:**
     - Policyholder can see all relevant details of the selected policy.
     - Policyholder can review available coverage options and any changes from the previous policy.

5. **User Story:**
   - **As a Policyholder**
   - **I want to confirm the renewal and select the payment method**
   - **So that I can proceed with the payment process**
   - **Acceptance Criteria:**
     - Policyholder can confirm the renewal with a single click.
     - Policyholder can choose a payment method from the available options.

6. **User Story:**
   - **As a Policyholder**
   - **I want the system to process the payment**
   - **So that my policy renewal is completed**
   - **Acceptance Criteria:**
     - Payment processing completes without errors.
     - Policyholder receives a payment confirmation message.

7. **User Story:**
   - **As a Policyholder**
   - **I want the system to update the policy status to renewed**
   - **So that I have confirmation of the successful renewal**
   - **Acceptance Criteria:**
     - Policy status is updated immediately after payment processing.
     - Policyholder can see the renewed status in their account.

8. **User Story:**
   - **As a Policyholder**
   - **I want to receive a confirmation email**
   - **So that I have a record of the renewal**
   - **Acceptance Criteria:**
     - Policyholder receives an email confirming the policy renewal.
     - Email includes details of the renewed policy and payment confirmation.

9. **User Story:**
   - **As a Policyholder**
   - **I want the option to cancel the renewal process**
   - **So that I can make changes or opt-out**
   - **Acceptance Criteria:**
     - Policyholder can easily find and click on a cancellation button.
     - Cancellation is processed without renewing the policy.

10. **User Story:**
    - **As a Policyholder**
    - **I want the ability to update policy details before confirming renewal**
    - **So that I can ensure accuracy**
    - **Acceptance Criteria:**
      - Policyholder can edit any necessary details before finalizing the renewal.
      - Updated details are reflected correctly in the final renewal process.  "
Healthcare,Patient Appointment,Reference Model,"1. **User Story:**
   - **As a Receptionist**
   - **I want to log into the healthcare system**
   - **So that I can access the appointment scheduling features.**
   - **Acceptance Criteria:**
     - Receptionist can successfully log in using valid credentials.
     - Upon successful login, the system displays the main dashboard.

2. **User Story:**
   - **As a Receptionist**
   - **I want to navigate to the Patient Appointment section**
   - **So that I can start scheduling appointments for patients.**
   - **Acceptance Criteria:**
     - The Patient Appointment section is easily accessible from the main dashboard.
     - Clicking on the section leads the Receptionist to the appointment scheduling interface.

3. **User Story:**
   - **As a Receptionist**
   - **I want to select a patient for whom I need to schedule an appointment**
   - **So that I can proceed with booking their appointment.**
   - **Acceptance Criteria:**
     - Receptionist can search and select the desired patient from the available list.
     - The selected patient's details are accurately displayed for confirmation.

4. **User Story:**
   - **As a Receptionist**
   - **I want to choose the date and time for the appointment**
   - **So that I can set up a suitable schedule for the patient.**
   - **Acceptance Criteria:**
     - The system provides a user-friendly calendar interface for selecting the date.
     - Time slots are clearly visible and selectable for the chosen date.

5. **User Story:**
   - **As a Receptionist**
   - **I want to confirm the appointment booking**
   - **So that the patient's appointment is officially scheduled.**
   - **Acceptance Criteria:**
     - After selecting the date and time, the Receptionist can review the appointment details.
     - A confirmation button triggers the final booking process.

6. **User Story:**
   - **As a Receptionist**
   - **I want the system to validate the appointment details**
   - **So that any potential errors can be caught before finalizing the booking.**
   - **Acceptance Criteria:**
     - The system checks for date/time availability and conflicts.
     - Confirmation is only successful if all details are valid and complete.

7. **User Story:**
   - **As a Receptionist**
   - **I want the system to update the appointment schedule**
   - **So that the booked appointments reflect the latest changes.**
   - **Acceptance Criteria:**
     - After successful validation, the system updates the appointment schedule.
     - The booked slot is marked as unavailable for other bookings.

8. **User Story:**
   - **As a Receptionist**
   - **I want the system to send a confirmation notification to the patient**
   - **So that the patient is informed about their scheduled appointment.**
   - **Acceptance Criteria:**
     - Upon successfully booking the appointment, the patient receives a notification.
     - The notification includes details like date, time, and any additional instructions."
Public Sector,Voter Registration,Reference Model,"1. **User Story:**
   - **As a Public Health Officer**
   - **I want to log into the public health monitoring system**
   - **So that I can access the monitoring tools and data**
   - **Acceptance Criteria:**
     - User can successfully authenticate using their credentials
     - Upon login, the dashboard is displayed with relevant options

2. **User Story:**
   - **As a Public Health Officer**
   - **I want to navigate to the Infectious Disease Tracking section**
   - **So that I can monitor specific diseases**
   - **Acceptance Criteria:**
     - Navigation to the tracking section is clearly labeled and easily accessible
     - Relevant disease tracking options are displayed

3. **User Story:**
   - **As a Public Health Officer**
   - **I want to select a specific infectious disease to monitor**
   - **So that I can focus on tracking its spread**
   - **Acceptance Criteria:**
     - Dropdown or search functionality is available to select the disease
     - Upon selection, relevant data for the chosen disease is displayed

4. **User Story:**
   - **As a Public Health Officer**
   - **I want to view current data on reported cases and trends**
   - **So that I can assess the current situation**
   - **Acceptance Criteria:**
     - Real-time data on reported cases is displayed
     - Graphs or charts show trends over a specified period

5. **User Story:**
   - **As a Public Health Officer**
   - **I want to update the system with any new reported cases**
   - **So that the data remains up-to-date**
   - **Acceptance Criteria:**
     - Input fields are provided to add new reported cases
     - System reflects the updated data accurately

6. **User Story:**
   - **As a Public Health Officer**
   - **I want the system to analyze data and generate reports on the spread of the infectious disease**
   - **So that I can make informed decisions**
   - **Acceptance Criteria:**
     - Reports are generated automatically based on the updated data
     - Reports include key insights and visual representations

7. **User Story:**
   - **As a Public Health Officer**
   - **I want to take necessary actions based on the data and trends**
   - **So that I can implement appropriate interventions**
   - **Acceptance Criteria:**
     - Action buttons or options are available based on the report findings
     - User can record actions taken within the system"
Travel & Logistics,Shipment Tracking,Reference Model,"1. **User Story:**
   - **As a Logistics Coordinator**
   - **I want to log into the system using valid credentials**
   - **So that I can access the tracking features**
   - **Acceptance Criteria:**
     - The system validates the credentials and grants access to the main dashboard.

2. **User Story:**
   - **As a Logistics Coordinator**
   - **I want to navigate to the Shipment Tracking section**
   - **So that I can track a specific shipment**
   - **Acceptance Criteria:**
     - The system provides a clear path to access the Shipment Tracking feature.

3. **User Story:**
   - **As a Logistics Coordinator**
   - **I want to enter the tracking number or shipment details**
   - **So that I can retrieve the shipment information**
   - **Acceptance Criteria:**
     - The system validates the input for accuracy and completeness before proceeding.

4. **User Story:**
   - **As a Logistics Coordinator**
   - **I want the system to retrieve and display the current status and location of the shipment**
   - **So that I can review the tracking details**
   - **Acceptance Criteria:**
     - The system accurately presents the latest status and location information of the shipment.

5. **User Story:**
   - **As a Logistics Coordinator**
   - **I want to be prompted to re-enter correct information if the initial input is invalid**
   - **So that I can ensure accurate tracking**
   - **Acceptance Criteria:**
     - The system alerts the user to correct any invalid input before proceeding.

6. **User Story:**
   - **As a Logistics Coordinator**
   - **I want to be notified of any errors encountered during shipment retrieval**
   - **So that I can attempt tracking at a later time**
   - **Acceptance Criteria:**
     - The system displays a clear error message and advises on the next steps.

7. **User Story:**
   - **As a Logistics Coordinator**
   - **I want to take necessary actions based on the shipment status**
   - **So that I can manage the shipment effectively**
   - **Acceptance Criteria:**
     - The system provides options or guidance on actions to be taken based on the tracking details."
Telecommunications,Service Ticket Resolution,Reference Model,"1. **User Story:**
   - **As a Customer Service Agent**
   - **I want to log into the system**
   - **So that I can access the service ticket management module.**
   - **Acceptance Criteria:**
     - The system should authenticate the credentials provided by the Customer Service Agent.
     - Upon successful authentication, the Customer Service Agent should be redirected to the main dashboard.

2. **User Story:**
   - **As a Customer Service Agent**
   - **I want to navigate to the Service Ticket Resolution module**
   - **So that I can start resolving customer service tickets.**
   - **Acceptance Criteria:**
     - The Service Ticket Resolution module should be easily accessible from the main dashboard.
     - The Customer Service Agent should see a list of all submitted service tickets upon navigation.

3. **User Story:**
   - **As a Customer Service Agent**
   - **I want to select a service ticket to resolve**
   - **So that I can address the customer's inquiry or issue.**
   - **Acceptance Criteria:**
     - The Customer Service Agent should be able to filter and search for specific service tickets.
     - Upon selection, the details of the service ticket should be displayed for review.

4. **User Story:**
   - **As a Customer Service Agent**
   - **I want to update the status of the service ticket to ""In Progress""**
   - **So that the resolution process is tracked accurately.**
   - **Acceptance Criteria:**
     - The system should reflect the updated status immediately upon selection by the Customer Service Agent.
     - The status change should be visible to other system users for collaboration.

5. **User Story:**
   - **As a Customer Service Agent**
   - **I want to update the service ticket with resolution details**
   - **So that the issue is documented and communicated to the customer.**
   - **Acceptance Criteria:**
     - The Customer Service Agent should be able to input text or attachments detailing the resolution.
     - The system should timestamp the resolution update for reference.

6. **User Story:**
   - **As a Customer Service Agent**
   - **I want the system to validate the resolution details**
   - **So that accurate information is provided to the customer.**
   - **Acceptance Criteria:**
     - The system should perform checks for completeness and accuracy of the resolution details.
     - In case of missing information, the system should prompt the Customer Service Agent for corrections.

7. **User Story:**
   - **As a Customer Service Agent**
   - **I want the system to update the status of the service ticket to ""Resolved""**
   - **So that the customer is notified of the resolution.**
   - **Acceptance Criteria:**
     - The system should trigger a notification to the customer upon status update.
     - The status change should prevent further modifications to the ticket by the Customer Service Agent.

8. **User Story:**
   - **As a Customer Service Agent**
   - **I want the system to record resolution details for future reference**
   - **So that analysis and audit trails can be maintained.**
   - **Acceptance Criteria:**
     - The resolution details should be stored securely in the system database.
     - The details should be retrievable for reporting purposes.

9. **User Story:**
   - **As a Customer Service Agent**
   - **I want to escalate a service ticket to a senior support representative**
   - **So that complex issues can be addressed effectively.**
   - **Acceptance Criteria:**
     - The escalation process should notify the senior support representative with all relevant ticket information.
     - The Customer Service Agent should receive acknowledgment of the escalation.

10. **User Story:**
    - **As a Customer Service Agent**
    - **I want to collaborate with other departments for ticket resolution**
    - **So that cross-functional expertise can be utilized.**
    - **Acceptance Criteria:**
      - The system should facilitate communication and task assignment between different teams.
      - Updates from collaborating teams should be visible within the service ticket."
Corporate IT,Software Update Deployment,Reference Model,"1. **User Story:**
   - **As an IT Administrator**
   - **I want to log into the software update deployment system**
   - **So that I can initiate the deployment process for the new software update**
   - **Acceptance Criteria:**
     - The system should authenticate the IT Administrator's credentials successfully.

2. **User Story:**
   - **As an IT Administrator**
   - **I want to select the new software update package for deployment**
   - **So that I can proceed with specifying the target devices or groups**
   - **Acceptance Criteria:**
     - The selected software update package should be displayed for confirmation.

3. **User Story:**
   - **As an IT Administrator**
   - **I want to specify the target devices or groups for the deployment**
   - **So that the system can verify the compatibility with the target devices**
   - **Acceptance Criteria:**
     - The system should allow the IT Administrator to select individual devices or predefined groups.

4. **User Story:**
   - **As an IT Administrator**
   - **I want the system to verify the compatibility of the software update with the target devices**
   - **So that potential deployment issues can be identified and addressed**
   - **Acceptance Criteria:**
     - The system should provide a compatibility report highlighting any issues.

5. **User Story:**
   - **As an IT Administrator**
   - **I want the system to schedule the deployment based on maintenance windows or immediate deployment**
   - **So that the deployment process can be planned efficiently**
   - **Acceptance Criteria:**
     - The system should display scheduling options and allow the selection of a suitable time.

6. **User Story:**
   - **As an IT Administrator**
   - **I want the system to monitor the deployment progress and provide real-time status updates**
   - **So that I can track the deployment and address any issues promptly**
   - **Acceptance Criteria:**
     - The system should display a progress bar and status updates during deployment.

7. **User Story:**
   - **As an IT Administrator**
   - **I want to be notified of the successful deployment**
   - **So that I can confirm the completion of the deployment process**
   - **Acceptance Criteria:**
     - The system should send a notification upon successful deployment.

8. **User Story:**
   - **As an IT Administrator**
   - **I want to be alerted in case of compatibility issues with target devices**
   - **So that I can take corrective actions to ensure successful deployment**
   - **Acceptance Criteria:**
     - The system should display an alert with details of compatibility issues.

9. **User Story:**
   - **As an IT Administrator**
   - **I want detailed error logs provided in case of deployment errors or failures**
   - **So that I can troubleshoot and resolve deployment issues efficiently**
   - **Acceptance Criteria:**
     - The system should generate error logs with specific error messages.

10. **User Story:**
    - **As an IT Administrator**
    - **I want to track the deployment status and view deployment reports**
    - **So that I can review the deployment outcomes and performance**
    - **Acceptance Criteria:**
      - The system should display a dashboard with deployment status and provide access to deployment reports."
Consumer Products | New Data Solutions,Purchase Data Analysis,Reference Model,"1. **User Story:**
   - **As a Supply Chain Manager**
   - **I want to log into the inventory management system**
   - **So that I can access the inventory data for analysis**
   - **Acceptance Criteria:**
     - The login process should require valid credentials.
     - Upon successful login, the Supply Chain Manager should land on the system dashboard.

2. **User Story:**
   - **As a Supply Chain Manager**
   - **I want to navigate to the Inventory Management Optimization page**
   - **So that I can access the tools for optimizing inventory**
   - **Acceptance Criteria:**
     - The navigation should be intuitive and clearly labeled.
     - The Inventory Management Optimization page should load without errors.

3. **User Story:**
   - **As a Supply Chain Manager**
   - **I want to analyze inventory data**
   - **So that I can identify opportunities for optimization**
   - **Acceptance Criteria:**
     - The analysis tool should provide options for selecting data parameters.
     - The system should display the analyzed data in a clear and understandable format.

4. **User Story:**
   - **As a Supply Chain Manager**
   - **I want the system to validate the input data**
   - **So that I can ensure the accuracy of the analysis**
   - **Acceptance Criteria:**
     - The system should perform data validation checks for accuracy and completeness.
     - Clear error messages should be displayed for invalid data inputs.

5. **User Story:**
   - **As a Supply Chain Manager**
   - **I want the system to generate optimization recommendations**
   - **So that I can make informed decisions on inventory management**
   - **Acceptance Criteria:**
     - The optimization recommendations should be based on the analyzed data.
     - Recommendations should include actionable steps for improvement.

6. **User Story:**
   - **As a Supply Chain Manager**
   - **I want to review the optimization recommendations**
   - **So that I can understand the proposed changes**
   - **Acceptance Criteria:**
     - The recommendations should be presented clearly and comprehensively.
     - The Supply Chain Manager should have the option to delve into specific details of each recommendation.

7. **User Story:**
   - **As a Supply Chain Manager**
   - **I want to implement the recommended inventory management changes**
   - **So that I can optimize the inventory levels**
   - **Acceptance Criteria:**
     - The system should provide guidance on how to implement each recommendation.
     - Changes should be reflected in the system once implemented.

8. **User Story:**
   - **As a Supply Chain Manager**
   - **I want the system to update the inventory records with the changes made**
   - **So that the optimized inventory levels are recorded**
   - **Acceptance Criteria:**
     - The system should reflect the changes accurately in the inventory records.
     - Confirmatory messages should be displayed upon successful updates."
